{
  "git": {
    "version": "v2.29.2",
    "packages": [
      {
        "platform": "windows",
        "arch": "amd64",
        "filename": "MinGit-2.29.2.3-64-bit.zip",
        "url": "https://github.com/git-for-windows/git/releases/download/v2.29.2.windows.3/MinGit-2.29.2.3-64-bit.zip",
        "checksum": "2f154719def1d48a06d292fca6c9c8af2df0ae82797a155e35754b2ffd374f8c"
      },
      {
        "platform": "windows",
        "arch": "x86",
        "filename": "MinGit-2.29.2.3-32-bit.zip",
        "url": "https://github.com/git-for-windows/git/releases/download/v2.29.2.windows.3/MinGit-2.29.2.3-32-bit.zip",
        "checksum": "e2b7302b2cb013a27984ba65aeff11030b32b7e19deb228304e3e5b85b31befd"
      }
    ]
  },
  "git-lfs": {
    "version": "v2.13.2",
    "files": [
      {
        "platform": "linux",
        "arch": "amd64",
        "name": "git-lfs-linux-amd64-v2.13.2.tar.gz",
        "checksum": "7913f267c84518860551384313ece6f2e72cb5a18cf9987189a087108346267d"
      },
      {
        "platform": "windows",
        "arch": "x86",
        "name": "git-lfs-windows-386-v2.13.2.zip",
        "checksum": "27d061f9fd6b14555c220758ae0b77d81ef20f64dde0179a515d55a75f5355a8"
      },
      {
        "platform": "windows",
        "arch": "amd64",
        "name": "git-lfs-windows-amd64-v2.13.2.zip",
        "checksum": "0e13b411ca6c2b2cfb3d82b67ae747ca5d055734d0ab2030d0823fc37ad48902"
      }
    ]
  },
  "smimesign": {
    "version": "0.0.6",
    "files": [
      {
        "platform": "darwin",
        "arch": "amd64",
        "name": "smimesign-0.0.6-macos.tgz",
        "checksum": "771790f685176b132cb287302a9374120184f7f7973038a0232efee145781906"
      },
      {
        "platform": "windows",
        "arch": "amd64",
        "name": "smimesign-windows-amd64-0.0.6.zip",
        "checksum": "2a2f946e31f2d74eadcdcd97b7bfc69298cee2f11cf7cb03c604d28fa1b34cd3"
      },
      {
        "platform": "windows",
        "arch": "x86",
        "name": "smimesign-windows-386-0.0.6.zip",
        "checksum": "9a13d00aa02c0a5d277c030297d09f10a467f31e6740f1520a08e09a23046323"
      }
    ]
  }
}
